Building|Academy|3|..\Texture\Building\Academy\academy%d.png
Building|Barrack|9|..\Texture\Building\Barrack\tbarrack%d.png
Building|Bunker|19|..\Texture\Building\Bunker\pillbox%d.png
Building|Chemlab|5|..\Texture\Building\Chemlab\chemlab%d.png
Building|Comsat|16|..\Texture\Building\Comsat\comsat%d.png
Building|Control|6|..\Texture\Building\Control\control%d.png
Building|Depot|8|..\Texture\Building\Depot\depot%d.png
Building|Drydocks|8|..\Texture\Building\Drydocks\drydocks%d.png
Building|Factory|9|..\Texture\Building\Factory\factory%d.png
Building|Genelab|8|..\Texture\Building\Genelab\genelab%d.png
Building|Machines|9|..\Texture\Building\Machines\machines%d.png
Building|Nukelsilo|8|..\Texture\Building\Nukelsilo\nukesilo%d.png
Building|Physics|12|..\Texture\Building\Physics\physics%d.png
Building|Refinery|5|..\Texture\Building\Refinery\refinery%d.png
Building|Reserch|7|..\Texture\Building\Reserch\research%d.png
Building|Starport|8|..\Texture\Building\Starport\starport%d.png
Building|Tbldlrg(160,128)|3|..\Texture\Building\Tbldlrg(160,128)\tbldlrg%d.png
Building|Tbldlrg(96,96)1|3|..\Texture\Building\Tbldlrg(96,96)1\tbldmed%d.png
Building|Tbldlrg(96,96)2|3|..\Texture\Building\Tbldlrg(96,96)2\tbldsml%d.png
Building|Turret|37|..\Texture\Building\Turret\missile%d.png
Building|Weaponpl|11|..\Texture\Building\Weaponpl\weaponpl%d.png
CmdIcon|Icon|386|..\Texture\CmdIcon\Icon\Icon%d.png
CmdIcon|IconWhite|386|..\Texture\CmdIcon\IconWhite\Icon%d.png
CmdIcon|IconWire|386|..\Texture\CmdIcon\IconWire\Icon%d.png
Cursor|Arrow|5|..\Texture\Cursor\Arrow\arrow%d.png
Cursor|Drag|4|..\Texture\Cursor\Drag\drag%d.png
Cursor|Highscroll|8|..\Texture\Cursor\Highscroll\Highscroll%d.png
Cursor|Illegal|5|..\Texture\Cursor\Illegal\illegal%d.png
Cursor|Lowscroll|8|..\Texture\Cursor\Lowscroll\Lowscroll%d.png
Cursor|magg|14|..\Texture\Cursor\magg\magg%d.png
Cursor|magr|14|..\Texture\Cursor\magr\magr%d.png
Cursor|magy|14|..\Texture\Cursor\magy\magy%d.png
Cursor|Targg|6|..\Texture\Cursor\Targg\targg%d.png
FaceBattlecr|Idle|45|..\Texture\Face\FaceBattlecr\Idle\FaceBattlecr%d.png
FaceBattlecr|Talk|30|..\Texture\Face\FaceBattlecr\Talk\FaceBattlecr%d.png
FaceBomber|Idle|45|..\Texture\Face\FaceBomber\Idle\FaceBomber%d.png
FaceBomber|Talk|30|..\Texture\Face\FaceBomber\Talk\FaceBomber%d.png
FaceBuiding|Idle|45|..\Texture\Face\FaceBuiding\Idle\FaceBuilding%d.png
FaceBuiding|Talk|30|..\Texture\Face\FaceBuiding\Talk\FaceBuilding%d.png
FaceDropship|Idle|45|..\Texture\Face\FaceDropship\Idle\FaceDropship%d.png
FaceDropship|Talk|30|..\Texture\Face\FaceDropship\Talk\FaceDropship%d.png
FaceFirebat|Idle|45|..\Texture\Face\FaceFirebat\Idle\FaceFirebat%d.png
FaceFirebat|Talk|20|..\Texture\Face\FaceFirebat\Talk\FaceFirebat%d.png
FaceGhost|Idle|60|..\Texture\Face\FaceGhost\Idle\FaceGhost%d.png
FaceGhost|Talk|10|..\Texture\Face\FaceGhost\Talk\FaceGhost%d.png
FaceGoliath|Idle|30|..\Texture\Face\FaceGoliath\Idle\FaceGoliath%d.png
FaceGoliath|Talk|20|..\Texture\Face\FaceGoliath\Talk\FaceGoliath%d.png
FaceMarine|Idle|45|..\Texture\Face\FaceMarine\Idle\FaceMarine%d.png
FaceMarine|Talk|30|..\Texture\Face\FaceMarine\Talk\FaceMarine%d.png
FaceMedic|Idle|45|..\Texture\Face\FaceMedic\Idle\FaceMedic%d.png
FaceMedic|Talk|30|..\Texture\Face\FaceMedic\Talk\FaceMedic%d.png
FacePhoenix|Idle|30|..\Texture\Face\FacePhoenix\Idle\FacePhoenix%d.png
FacePhoenix|Talk|30|..\Texture\Face\FacePhoenix\Talk\FacePhoneix%d.png
FaceScv|Idle|45|..\Texture\Face\FaceScv\Idle\FaceScv%d.png
FaceScv|Talk|30|..\Texture\Face\FaceScv\Talk\FaceScv%d.png
FaceSpide|Idle|20|..\Texture\Face\FaceSpide\Idle\FaceSpide%d.png
FaceTank|Idle|45|..\Texture\Face\FaceTank\Idle\FaceTank%d.png
FaceTank|Talk|30|..\Texture\Face\FaceTank\Talk\FaceTank%d.png
FaceVulture|Idle|46|..\Texture\Face\FaceVulture\Idle\FaceVulture%d.png
FaceVulture|Talk|20|..\Texture\Face\FaceVulture\Talk\FaceVulture%d.png
FaceWessel|Idle|45|..\Texture\Face\FaceWessel\Idle\FaceWessel%d.png
FaceWessel|Talk|30|..\Texture\Face\FaceWessel\Talk\FaceWessel%d.png
Font|Mp|11|..\Texture\Font\Mp\mp_%d.png
Font|Normal|11|..\Texture\Font\Normal\normal_%d.png
Font|Shield|11|..\Texture\Font\Shield\shield_%d.png
Battlecr|All|17|..\Texture\Unit\Battlecr\All\battlecr%d.png
Bomber|All|17|..\Texture\Unit\Bomber\All\bomber%d.png
Dropship|All|17|..\Texture\Unit\Dropship\All\dropship%d.png
Firebat|Attack|17|..\Texture\Unit\Firebat\Attack\firebat%d.png
Firebat|Idle|17|..\Texture\Unit\Firebat\Idle\firebat%d.png
Firebat|Work|136|..\Texture\Unit\Firebat\Work\firebat%d.png
gasorb|All|34|..\Texture\Unit\gasorb\All\gasorb%d.png
Ghost|Attack|51|..\Texture\Unit\Ghost\Attack\ghost%d.png
Ghost|Die|8|..\Texture\Unit\Ghost\Die\ghost%d.png
Ghost|Idle|17|..\Texture\Unit\Ghost\Idle\ghost%d.png
Ghost|Work|153|..\Texture\Unit\Ghost\Work\ghost%d.png
GoliathtLower|Idle|17|..\Texture\Unit\Goliatht\GoliathtLower\Idle\goliath%d.png
GoliathtLower|Move|170|..\Texture\Unit\Goliatht\GoliathtLower\Move\goliath%d.png
GoliathtUpper|Attack|17|..\Texture\Unit\Goliatht\GoliathtUpper\Attack\goliatht%d.png
GoliathtUpper|Idle|17|..\Texture\Unit\Goliatht\GoliathtUpper\Idle\goliatht%d.png
GoliathtUpper|Work|170|..\Texture\Unit\Goliatht\GoliathtUpper\Work\goliatht%d.png
Marine|Attack|51|..\Texture\Unit\Marine\Attack\marine%d.png
Marine|Die|8|..\Texture\Unit\Marine\Die\marine%d.png
Marine|Idle|17|..\Texture\Unit\Marine\Idle\marine%d.png
Marine|Work|153|..\Texture\Unit\Marine\Work\marine%d.png
Medic|Attack|34|..\Texture\Unit\Medic\Attack\medic%d.png
Medic|Die|9|..\Texture\Unit\Medic\Die\medic%d.png
Medic|Idle|17|..\Texture\Unit\Medic\Idle\medic%d.png
Medic|Magic|51|..\Texture\Unit\Medic\Magic\medic%d.png
Medic|Work|119|..\Texture\Unit\Medic\Work\medic%d.png
Unit|Mineral|17|..\Texture\Unit\Mineral\Mineral%d.png
Unit|NukeMissile|17|..\Texture\Unit\NukeMissile\nukemiss%d.png
Phoenix|All|17|..\Texture\Unit\Phoenix\All\phoenix%d.png
Scv|Attack|34|..\Texture\Unit\Scv\Attack\scv%d.png
Scv|Idle|17|..\Texture\Unit\Scv\Idle\scv%d.png
Spide|GetUp|2|..\Texture\Unit\Spide\GetUp\spider%d.png
Spide|Idle|1|..\Texture\Unit\Spide\Idle\spider%d.png
Spide|Lay|2|..\Texture\Unit\Spide\Lay\spider%d.png
Spide|Work|7|..\Texture\Unit\Spide\Work\spider%d.png
STankLower|All|6|..\Texture\Unit\STank\STankLower\All\stank%d.png
STankUpper|Attack|17|..\Texture\Unit\STank\STankUpper\Attack\stankt%d.png
STankUpper|Idle|85|..\Texture\Unit\STank\STankUpper\Idle\stankt%d.png
TankLower|Idle|17|..\Texture\Unit\Tank\TankLower\Idle\tank%d.png
TankLower|Move|51|..\Texture\Unit\Tank\TankLower\Move\tank%d.png
TankUpper|All|17|..\Texture\Unit\Tank\TankUpper\All\tankt%d.png
Vulture|All|17|..\Texture\Unit\Vulture\All\vulture%d.png
wessel|All|1|..\Texture\Unit\Wessel\wessel\All\wessel%d.png
wesselt|All|17|..\Texture\Unit\Wessel\wesselt\All\wesselt%d.png
Academy|Big|6|..\Texture\Wire\Academy\Big\Wirel%d.png
Barrack|Big|6|..\Texture\Wire\Barrack\Big\Wirel%d.png
Battlecr|Big|6|..\Texture\Wire\Battlecr\Big\Wirel%d.png
Battlecr|Small|6|..\Texture\Wire\Battlecr\Small\WirelS%d.png
Bomber|Big|6|..\Texture\Wire\Bomber\Big\tranwire%d.png
Bomber|Small|6|..\Texture\Wire\Bomber\Small\tranwire%d.png
Bunker|Big|6|..\Texture\Wire\Bunker\Big\Wirel%d.png
Chemlab|Big|6|..\Texture\Wire\Chemlab\Big\Wirel%d.png
Comsat|Big|6|..\Texture\Wire\Comsat\Big\Wirel%d.png
Control|Big|6|..\Texture\Wire\Control\Big\Wirel%d.png
Depot|Big|6|..\Texture\Wire\Depot\Big\Wirel%d.png
Dropship|Big|6|..\Texture\Wire\Dropship\Big\Wirel%d.png
Dropship|Small|6|..\Texture\Wire\Dropship\Small\WirelS%d.png
Drydocks|Big|6|..\Texture\Wire\Drydocks\Big\Wirel%d.png
Factory|Big|6|..\Texture\Wire\Factory\Big\Wirel%d.png
Firebat|Big|6|..\Texture\Wire\Firebat\Big\Wirel%d.png
Firebat|Small|6|..\Texture\Wire\Firebat\Small\WirelS%d.png
Gas|Big|6|..\Texture\Wire\Gas\Big\Wirel%d.png
Genelab|Big|6|..\Texture\Wire\Genelab\Big\Wirel%d.png
Ghost|Big|6|..\Texture\Wire\Ghost\Big\Wirel%d.png
Ghost|Small|6|..\Texture\Wire\Ghost\Small\WirelS%d.png
Goliatht|Big|6|..\Texture\Wire\Goliatht\Big\Wirel%d.png
Goliatht|Small|6|..\Texture\Wire\Goliatht\Small\WirelS%d.png
Machines|Big|6|..\Texture\Wire\Machines\Big\Wirel%d.png
Marine|Big|6|..\Texture\Wire\Marine\Big\Wirel%d.png
Marine|Small|6|..\Texture\Wire\Marine\Small\WirelS%d.png
Medic|Big|6|..\Texture\Wire\Medic\Big\Wirel%d.png
Medic|Small|6|..\Texture\Wire\Medic\Small\WirelS%d.png
Mine|Big|6|..\Texture\Wire\Mine\Big\Wirel%d.png
Nukelsilo|Big|6|..\Texture\Wire\Nukelsilo\Big\Wirel%d.png
Phoenix|Big|6|..\Texture\Wire\Phoenix\Big\Wirel%d.png
Phoenix|Small|6|..\Texture\Wire\Phoenix\Small\WirelS%d.png
Physics|Big|6|..\Texture\Wire\Physics\Big\Wirel%d.png
Refinery|Big|6|..\Texture\Wire\Refinery\Big\Wirel%d.png
Reserch|Big|6|..\Texture\Wire\Reserch\Big\Wirel%d.png
Scv|Big|6|..\Texture\Wire\Scv\Big\Wirel%d.png
Scv|Small|6|..\Texture\Wire\Scv\Small\WirelS%d.png
Spide|Big|6|..\Texture\Wire\Spide\Big\Wirel%d.png
Stank|Big|6|..\Texture\Wire\Stank\Big\Wirel%d.png
Stank|Small|6|..\Texture\Wire\Stank\Small\WirelS%d.png
Starport|Big|6|..\Texture\Wire\Starport\Big\Wirel%d.png
Tank|Big|6|..\Texture\Wire\Tank\Big\Wirel%d.png
Tank|Small|6|..\Texture\Wire\Tank\Small\WirelS%d.png
Turret|Big|6|..\Texture\Wire\Turret\Big\Wirel%d.png
Vulture|Big|6|..\Texture\Wire\Vulture\Big\Wirel%d.png
Vulture|Small|6|..\Texture\Wire\Vulture\Small\WirelS%d.png
Weaponpl|Big|6|..\Texture\Wire\Weaponpl\Big\Wirel%d.png
Wessel|Big|6|..\Texture\Wire\Wessel\Big\Wirel%d.png
Wessel|Small|6|..\Texture\Wire\Wessel\Small\WirelS%d.png